Sentence#,Sentence,POS,Tag
1,"' ಆವಿಷ್ಕಾರ , ಸುಸ್ಥಿರತೆ ಮತ್ತು ಬಹುಪಕ್ಷೀಯ ಸಹಕಾರ ' ದ ಕುರಿತು ಭಾರತ - ಫ್ರಾನ್ಸ್ ಟ್ರ್ಯಾಕ್ 1.5 ಸಂವಾದದಲ್ಲಿ ವಿದೇಶಾಂಗ ಸಚಿವರ ಭಾಷಣ .",RD_PUNC N_NN RD_PUNC N_NN CC_CCD JJ N_NN RD_PUNC PSP RP_RPD N_NNP RD_SYM N_NNP N_NNP QT_QTC N_NN N_NN N_NN N_NN RD_PUNC,O O O O O O O O O O NEL O NEL O O O NETE NETE O O
2,"ಮಾರ್ಚ್ 16 , 2022 .",N_NNP QT_QTC RD_PUNC QT_QTC RD_PUNC,NED NED O NEN O
3,"ಮಹಾಮಹಿಮ ಶ್ರೀ ಫ್ರಾಂಕೋಯಿಸ್ ಡೆಲಾಟ್ರೆ , ಪ್ರಧಾನ ಕಾರ್ಯದರ್ಶಿ , ಯುರೋಪ್ ಮತ್ತು ಫ್ರಾನ್ಸ್ ನ ವಿದೇಶಾಂಗ ವ್ಯವಹಾರಗಳ ಸಚಿವಾಲಯ ,",N_NN N_NN N_NNP N_NNP RD_PUNC JJ N_NN RD_PUNC N_NNP CC_CCD N_NNP PSP N_NN N_NN N_NN RD_PUNC,O O NEP NEP O O O O NEL O NEL O O O O O
4,"ಮಹಾಮಹಿಮ ಶ್ರೀ ಇಮ್ಯಾನುಯೆಲ್ ಲೆನಿನ್ , ಭಾರತದಲ್ಲಿ ಫ್ರಾನ್ಸ್ ನ ರಾಯಭಾರಿ ,",N_NN N_NN N_NNP N_NNP RD_PUNC N_NNP N_NNP PSP N_NN RD_PUNC,O O NEP NEP O NEL NEL O O O
5,"ಶ್ರೀ ಜಾವೇದ್ ಅಶ್ರಫ್ , ಫ್ರಾನ್ಸ್ ಮತ್ತು ಮೊನಾಕೊದಲ್ಲಿ ಭಾರತದ ರಾಯಭಾರಿ ,",N_NN N_NNP N_NNP RD_PUNC N_NNP CC_CCD N_NNP N_NNP N_NN RD_PUNC,O NEP NEP O NEL O NEL NEL O O
6,"ರಾಯಭಾರಿ ರಾಜೀವ್ ಭಾಟಿಯಾ , ಗಣ್ಯ ವ್ಯಕ್ತಿ , ಗೇಟ್‌ವೇ ಹೌಸ್ ,",N_NNP N_NNP N_NNP RD_PUNC N_NN N_NN RD_PUNC N_NN N_NN RD_PUNC,O NEP NEP O O O O NEO NEO O
7,"ಮಹಿಳೆಯರೇ ಮತ್ತು ಮಹನೀಯರೇ ಹಾಗೂ ವಿಶೇಷ ಭಾಗೀದಾರರೇ ,",N_NN CC_CCD N_NN CC_CCD JJ N_NN RD_PUNC,O O O O O O O
8,ನಮಸ್ಕಾರ .,N_NN RD_PUNC,O O
9,ಇಂದು ಭಾರತ - ಫ್ರಾನ್ಸ್ ಟ್ರ್ಯಾಕ್ 1.5 ನೇ ಸಂವಾದದಲ್ಲಿ ಮಾತನಾಡಲು ನನಗೆ ಅಪಾರ ಸಂತೋಷ ಆಗುತ್ತಿದೆ .,N_NN N_NNP RD_SYM N_NNP N_NNP QT_QTC N_NN N_NN V_VM_VINF PR_PRP JJ N_NN V_VM_VF RD_PUNC,O NEL O NEL O NEN O O O O O O O O
10,ಜಾಗತಿಕ ಥಿಂಕ್ - ಟ್ಯಾಂಕ್ ಸ್ಪೇಸ್ ನ ಎರಡು ಅತ್ಯಂತ ಸಕ್ರಿಯ ಸಂಸ್ಥೆಗಳು - ಗೇಟ್‌ವೇ ಹೌಸ್ ಮತ್ತು ಐಎಫ್‌ಆರ್‌ಐ ನಡುವಿನ ಸಹಯೋಗವನ್ನು ನೋಡಿ ನನಗೆ ಸಂತೋಷ ಆಗುತ್ತಿದೆ .,JJ N_NN RD_SYM N_NN N_NN PSP QT_QTC RP_INTF JJ N_NN RD_SYM N_NN N_NN CC_CCD N_NN N_NN N_NN V_VM_VNF PR_PRP N_NN V_VM_VF RD_PUNC,O O O O O O O O O O O NEO NEO O NEO O O O O O O O
11,2 .ಅಕ್ಟೋಬರ್ 2020 ರಲ್ಲಿ ನಾನು ಪ್ಯಾರಿಸ್‌ಗೆ ಭೇಟಿ ನೀಡಿದ ಸಂದರ್ಭದಲ್ಲಿ ಐಎಫ್‌ಆರ್‌ಐನಲ್ಲಿ ಒಂದು ಸಭೆಯನ್ನು ಉದ್ದೇಶಿಸಿ ಮಾತನಾಡಲು ನನಗೆ ಅವಕಾಶ ಸಿಕ್ಕಿತ್ತು .,QT_QTC N_NNP QT_QTC PSP PR_PRP N_NNP N_NN V_VM_VNF N_NN N_NN QT_QTC N_NN V_VM_VNF V_VM_VINF PR_PRP N_NN V_VM_VF RD_PUNC,NED NED NED O O NEL O O O NEO O O O O O O O O
12,"ಇತ್ತೀಚೆಗೆ , ಇಂಡೋ - ಪೆಸಿಫಿಕ್‌ನಲ್ಲಿ ಸಹಕಾರಕ್ಕಾಗಿ ಯುರೋಪಿಯನ್ ಒಕ್ಕೂಟದ ಸಚಿವರ ವೇದಿಕೆಯಲ್ಲಿ ಭಾಗವಹಿಸಲು ಪ್ಯಾರಿಸ್‌ಗೆ ಬಂದಿದ್ದ ವಿದೇಶಾಂಗ ಸಚಿವ ಡಾ.ಎಸ್.ಜೈಶಂಕರ್ ಅವರು ಐಎಫ್‌ಆರ್‌ಐಗೆ ಸಂಬಂಧಿಸಿದ್ದರು .",N_NN RD_PUNC N_NNP RD_SYM N_NN N_NN N_NNP N_NN N_NN N_NN V_VM_VINF N_NN V_VM_VNF N_NN N_NN N_NN PR_PRP N_NN V_VM_VF RD_PUNC,O O NEL NEL NEL O NEO NEO O O O NEL O NETE NETE NEP O NEO O O
13,ನಾವು ಗೇಟ್‌ವೇ ಹೌಸ್‌ನೊಂದಿಗೂ ನಿಯಮಿತವಾಗಿ ಸಹಕರಿಸುತ್ತಿದ್ದೇವೆ ಹಾಗೆಯೇ ಅವರೊಂದಿಗೆ ನಮ್ಮ ಒಡನಾಟವನ್ನು ಮುಂದುವರಿಸಲು ಸಹ ನಾವು ಎದುರು ನೋಡುತ್ತಿದ್ದೇವೆ .,PR_PRP N_NN N_NN RB V_VM_VF CC_CCS PR_PRP PR_PRP N_NN V_VM_VINF RP_RPD PR_PRP N_NST V_VM_VF RD_PUNC,O NEO NEO O O O O O O O O O O O O
14,"3 .ಇಂದು ನಾವು ಅರ್ಥಮಾಡಿಕೊಂಡಂತೆ , ಜಾಗತಿಕ ಯುದ್ಧತಂತ್ರದ ದೃಷ್ಟಿಕೋನವು ಮೊದಲಿಗಿಂತ ಸಾಕಷ್ಟು ಜಟಿಲ ಆಗಿದೆ .",QT_QTC N_NN PR_PRP V_VM_VNF RD_PUNC JJ N_NN N_NN N_NN JJ N_NN V_VM_VF RD_PUNC,NEN O O O O O O O O O O O O
15,"ಎರಡನೇ ವಿಶ್ವ ಯುದ್ಧದ ನಂತರದ ಭದ್ರತಾ ರಚನೆ , ಇದರಿಂದಾಗಿ ಕಳೆದ ಹಲವು ದಶಕಗಳಲ್ಲಿ ಯುರೋಪಿನಲ್ಲಿ ಶಾಂತಿ ನೆಲೆಸಿತ್ತು , ಈಗ ಶಿಥಿಲ ಆಗುತ್ತಿದೆ .",QT_QTO N_NN N_NN N_NST N_NN N_NN RD_PUNC PR_PRP V_VM_VNF QT_QTF N_NN N_NNP N_NN V_VM_VNF RD_PUNC N_NST N_NNP V_VM_VF RD_PUNC,O O O O O O O O O O O NEL O O O O O O O
16,ಅಂತಹ ಪರಿಸ್ಥಿತಿಯಲ್ಲಿ ಸ್ಥಿರತೆಯನ್ನು ಕಾಪಾಡಿಕೊಳ್ಳಲು ಪ್ರೌಢ ಸಹಭಾಗಿತ್ವದ ಅಗತ್ಯ ಇದೆ .,DM_DMD N_NN N_NN V_VM_VINF JJ N_NN N_NN V_VM_VF RD_PUNC,O O O O O O O O O
17,"ಆದ್ದರಿಂದ , ಯಾವಾಗಲೂ ಕಾರ್ಯತಂತ್ರದ ಸ್ವಾಯತ್ತತೆಯನ್ನು ಕಾಪಾಡಿಕೊಳ್ಳಲು ಬೇಡಿಕೆಯಿಟ್ಟ ಮತ್ತು ಯಶಸ್ವಿ ಆಗಿರುವ ಭಾರತ ಮತ್ತು ಫ್ರಾನ್ಸ್ , ಶಾಂತಿ , ಸಂವಾದ ಮತ್ತು ರಾಜತಾಂತ್ರಿಕತೆಯ ಕರೆಯಲ್ಲಿ ಮುಂಚೂಣಿಯಲ್ಲಿ ಇರುವುದು ಮಾತ್ರ ಸೂಕ್ತ ಆಗಿದೆ .",CC_CCS RD_PUNC RB N_NN N_NN V_VM_VINF V_VM_VNF CC_CCD RB V_VM_VNF N_NNP CC_CCD N_NNP RD_PUNC N_NNP RD_PUNC JJ CC_CCD N_NN N_NN N_NN V_VM_VNG RP_RPD N_NN V_VM_VF RD_PUNC,O O O O O O O O O O NEL O NEL O O O O O O O O O O O O O
18,ರಷ್ಯಾ ಮತ್ತು ಉಕ್ರೇನ್ ನಾಯಕರ ಜೊತೆ ನಿಯಮಿತ ಸಂಪರ್ಕ ಹೊಂದಿರುವ ನಾಯಕರಲ್ಲಿ ಪ್ರಧಾನಿ ಮೋದಿ ಮತ್ತು ರಾಷ್ಟ್ರಪತಿ ಮ್ಯಾಕ್ರನ್ ಸೇರಿದ್ದಾರೆ ಹಾಗೆಯೇ ಅವರೊಂದಿಗೆ ಸಂವಹನದ ಮಾರ್ಗಗಳು ಇನ್ನೂ ತೆರೆದಿವೆ .,N_NNP CC_CCD N_NNP N_NN PSP JJ N_NN V_VM_VNF N_NN N_NN N_NN CC_CCD N_NN N_NN V_VM_VF CC_CCS PR_PRP N_NN N_NN RB V_VM_VF RD_PUNC,NEL O NEL O O O O O O O NEP O O NEP O O O O O O O O
19,4 .ಭಾರತ ಮತ್ತು ಫ್ರಾನ್ಸ್ ಬಹಳ ಸಮಯದಿಂದಲೂ ಸ್ನೇಹಿತರು ಮತ್ತು ಕಾರ್ಯತಂತ್ರದ ಪಾಲುದಾರರು ಆಗಿದ್ದಾರೆ .,QT_QTC N_NNP CC_CCD N_NNP JJ N_NN N_NN CC_CCD N_NN N_NN V_VM_VF RD_PUNC,NEN NEL O NEL O O O O O O O O
20,"ಇಂಡೋ - ಪೆಸಿಫಿಕ್‌ನಲ್ಲಿ ನೆಲೆಗೊಂಡಿರುವ ಶಕ್ತಿಗಳ ರೂಪದಲ್ಲಿ , ಅವರಿಗೆ ಈ ಕ್ಷೇತ್ರದಲ್ಲಿನ ಸವಾಲುಗಳು , ಅವಕಾಶಗಳು ಹಾಗೆಯೇ ಅಪಾಯಗಳ ಬಗ್ಗೆ ಸಾಮಾನ್ಯ ಸಹಭಾಗಿತ್ವದ ಅರಿವು ಆಗಿದೆ .",N_NNP RD_SYM N_NN V_VM_VNF N_NN N_NN RD_PUNC PR_PRP DM_DMD N_NN N_NN RD_PUNC N_NN RP_RPD N_NN RP_RPD JJ N_NN N_NN V_VM_VF RD_PUNC,NEL O NEL O O O O O O O O O O O O O O O O O O
21,"ದ್ವಿಪಕ್ಷೀಯ ಸಂಬಂಧಗಳಲ್ಲಿ ರಕ್ಷಣೆ ಮತ್ತು ಭದ್ರತೆ , ವಿಜ್ಞಾನ ಮತ್ತು ತಂತ್ರಜ್ಞಾನ , ಬಾಹ್ಯಾಕಾಶ ಮತ್ತು ಸಾಂಸ್ಕೃತಿಕ ಸಂಪರ್ಕಗಳಂತಹ ಸಾಂಪ್ರದಾಯಿಕ ಕ್ಷೇತ್ರಗಳಲ್ಲಿ ಸಹಕಾರದ ಪ್ರಾಬಲ್ಯ ಇದೆ .",JJ N_NN N_NN CC_CCD N_NN RD_PUNC N_NN CC_CCD N_NN RD_PUNC N_NNP CC_CCD JJ N_NN JJ N_NN N_NN N_NN V_VM_VF RD_PUNC,NETE NETE O O O O O O O O O O O O O O O O O O
22,"ಆದಾಗ್ಯೂ , 21 ನೇ ಶತಮಾನದ ಸಮಸ್ಯೆಗಳಿಗೆ 21 ನೇ ಶತಮಾನದ ಪರಿಹಾರಗಳ ಅಗತ್ಯ ಇದೆ .",V_VM_VNF RD_PUNC QT_QTC QT_QTO N_NN N_NN QT_QTC QT_QTO N_NN N_NN N_NN V_VM_VF RD_PUNC,O O NEN O O O NEN O O O O O O
23,"ಎರಡೂ ದೇಶಗಳು ಇದನ್ನು ಚೆನ್ನಾಗಿ ಅರ್ಥಮಾಡಿಕೊಂಡಿವೆ , ಇದೇ ಕಾರಣದಿಂದ ಅವರು ಡಿಜಿಟಲ್ , ಸೈಬರ್ ಭದ್ರತೆ , ಹಸಿರು ಶಕ್ತಿ ಮತ್ತು ನಿರಂತರ ಅಭಿವೃದ್ಧಿಯಂತಹ ಅಸಾಂಪ್ರದಾಯಿಕ ಕ್ಷೇತ್ರಗಳಲ್ಲಿ ತಮ್ಮ ಸಹಕಾರವನ್ನು ವೇಗವಾಗಿ ವಿಸ್ತರಿಸುತ್ತಾ ಇದ್ದಾರೆ .",QT_QTC N_NN PR_PRP RB V_VM_VF RD_PUNC PR_PRP N_NN PR_PRP N_NNP RD_PUNC N_NN N_NN RD_PUNC JJ N_NN CC_CCD JJ N_NN JJ N_NN PR_PRF N_NN RB V_VM_VNF V_VM_VF RD_PUNC,NEN O O O O O O O O O O O O O O O O O O O O O O O O O O
24,5 .ಕೋವಿಡ್ - 19 ಮಹಾಮಾರಿಯಂತಹ ದಶಕದ ಅತಿದೊಡ್ಡ ಅಸಾಂಪ್ರದಾಯಿಕವಾದ ಅಪಾಯವನ್ನು ಜಗತ್ತು ಎದುರಿಸಿದೆ .,QT_QTC N_NNP RD_SYM QT_QTC N_NN N_NN JJ JJ N_NN N_NN V_VM_VF RD_PUNC,NEN NEA NEA NEA O O O O O O O O
25,"ಪ್ರತಿಕ್ರಿಯೆಯಾಗಿ , ಭಾರತ ಮತ್ತು ಫ್ರಾನ್ಸ್ ಸಮನ್ವಯ ಮತ್ತು ಸಹಯೋಗದಲ್ಲಿ ಕೆಲಸ ಮಾಡಿದವು , ಕಷ್ಟದ ಸಮಯದಲ್ಲಿ ಪರಸ್ಪರ ಸಹಾಯ ಮಾಡಿದವು , ಜೊತೆಯಲ್ಲಿಯೇ ಮಹಾಮಾರಿಯ ಜೊತೆಗೆ ಹೋರಾಡಲು ಜಾಗತಿಕ ಪ್ರಯತ್ನಗಳಿಗೆ ಸಹ ಕೊಡುಗೆ ನೀಡಿವೆ , ಅದು ಹಣಕಾಸಿನ ನೆರವಿನ ರೂಪದಲ್ಲಿ ಆಗಿರಬಹುದು ಅಥವಾ ಜೀವ ಉಳಿಸುವ ಔಷಧಿಗಳು ಆಗಿರಬಹುದು , ವಿಶೇಷವಾಗಿ ಲಸಿಕೆಗಳ ಪೂರೈಕೆಯ ಮೂಲಕ .",RB RD_PUNC N_NNP CC_CCD N_NNP N_NN CC_CCD N_NN N_NN V_VM_VNF RD_PUNC N_NN N_NN PR_PRC N_NN V_VM_VF RD_PUNC N_NN N_NN PSP V_VM_VINF JJ N_NN RP_RPD N_NN V_VM_VF RD_PUNC PR_PRP N_NN N_NN N_NN V_VM_VF CC_CCD N_NN V_VM_VNF N_NN V_VM_VF RD_PUNC JJ N_NN N_NN RP_RPD RD_PUNC,O O NEL O NEL O O O O O O O O O O O O O O O O O O O O O O O O O O O O O O O O O O O O O O
26,"6 .ಫ್ರಾನ್ಸ್ ವರ್ತಮಾನದಲ್ಲಿ ಯುರೋಪಿಯನ್ ಒಕ್ಕೂಟದ ಪರಿಷತ್ ನ ಅಧ್ಯಕ್ಷ ಮತ್ತು ಪ್ರಸ್ತುತ ವಿಪತ್ತಿನ ಸಂದರ್ಭದಲ್ಲಿ ಯುರೋಪ್ ಅನ್ನು ಮುನ್ನಡೆಸುವಲ್ಲಿ ನಾಯಕತ್ವದ ಪಾತ್ರವನ್ನು ವಹಿಸುತ್ತಿದೆ , ಅದೇ ಸಮಯದಲ್ಲಿ ಇಂಡೋ - ಪೆಸಿಫಿಕ್ ಮೇಲೆ ಯುರೋಪ್‌ನ ಗಮನವನ್ನು ಸಹ ಬಲಪಡಿಸುತ್ತದೆ .",QT_QTC N_NN N_NN N_NNP N_NN N_NNP PSP N_NN CC_CCD JJ N_NN N_NN N_NNP PSP V_VM_VNF N_NN N_NN V_VM_VF RD_PUNC PR_PRP N_NN N_NN RD_SYM N_NN N_NST N_NNP N_NN RP_RPD V_VM_VF RD_PUNC,NEN NEL O NEO NEO O O O O O O O NEL O O O O O O O O NEL O NEL O NEL O O O O
27,"ಈ ಸಂದರ್ಭದಲ್ಲಿ , ಕಳೆದ ತಿಂಗಳು ಇಂಡೋ - ಪೆಸಿಫಿಕ್‌ನಲ್ಲಿ ಸಹಕಾರಕ್ಕಾಗಿ ಯುರೋಪಿಯನ್ ಒಕ್ಕೂಟವು ಸಚಿವರ ವೇದಿಕೆಯನ್ನು ಆಯೋಜಿಸಲು ಫ್ರಾನ್ಸೇಸ್ ಉಪಕ್ರಮವನ್ನು ನಾವು ಪ್ರಶಂಸಿಸುತ್ತೇವೆ .",DM_DMD N_NN RD_PUNC V_VM_VNF N_NN N_NNP RD_SYM N_NN N_NN N_NNP N_NN N_NN N_NN V_VM_VINF N_NNP N_NN PR_PRP V_VM_VF RD_PUNC,O O O O O NEL O NEL O NEO NEO O O O NEL O O O O
28,ಸಹಯೋಗಕ್ಕಾಗಿ ಒಂದು ಹಂಚಿಕೆಯ ದೃಷ್ಟಿಕೋನ ಮತ್ತು ಕಾರ್ಯತಂತ್ರವನ್ನು ತಯಾರಿಸಲು ಯುರೋಪಿಯನ್ ಒಕ್ಕೂಟ ಮತ್ತು ಭಾರತ - ಪೆಸಿಫಿಕ್ ದೇಶಗಳಿಗೆ ಇದು ಒಂದು ಅನನ್ಯ ಅವಕಾಶ ಆಗಿದೆ .,N_NN QT_QTC N_NN N_NN CC_CCD N_NN V_VM_VINF N_NNP N_NN CC_CCD N_NNP RD_SYM N_NN N_NN PR_PRP QT_QTC JJ N_NN V_VM_VF RD_PUNC,O O O O O O O NEO NEO O NEL O NEL O O O O O O O
29,ಯುರೋಪಿಯನ್ ಒಕ್ಕೂಟ ಪರಿಷತ್ ನ ಫ್ರಾನ್ಸೇಸ್ ಅಧ್ಯಕ್ಷತೆಯ ಅಡಿಯಲ್ಲಿ ಭಾರತ - ಯುರೋಪಿಯನ್ ಒಕ್ಕೂಟದ ಎಫ್‌ಟಿಎ ಕುರಿತು ಮಾತುಕತೆಗಳ ಪುನರಾರಂಭಕ್ಕೂ ನಾವು ಎದುರು ನೋಡುತ್ತಿದ್ದೇವೆ .,N_NNP N_NN N_NN PSP N_NNP N_NN N_NN N_NNP RD_SYM N_NNP N_NN N_NN RP_RPD N_NN N_NN PR_PRP N_NST V_VM_VF RD_PUNC,NEO NEO NEO O NEL O O NEL O NEO NEO NEA O O O O O O O
30,"7 .ಭಾರತ ಮತ್ತು ಫ್ರಾನ್ಸ್ ‌ ಪ್ರಮುಖ ಸಾಂಪ್ರದಾಯಿಕ ಮತ್ತು ಅಸಾಂಪ್ರದಾಯಿಕ ಕಾರ್ಯತಂತ್ರದ ಕ್ಷೇತ್ರಗಳಲ್ಲಿ ವೇಗವಾಗಿ ಮುನ್ನಡೆಯುತ್ತಿರುವ ಸಮಯದಲ್ಲಿ "" ನಾವೀನ್ಯತೆ , ಸುಸ್ಥಿರತೆ ಮತ್ತು ಬಹುಪಕ್ಷೀಯ ಸಹಕಾರ "" ಎಂಬ ವಿಷಯದ ಕುರಿತು ಇಂದಿನ ವಿಚಾರ - ವಿಮರ್ಶೆಗಳು ನಡೆಯುತ್ತಾ ಇವೆ .",QT_QTC N_NN CC_CCD N_NNP RD_SYM JJ N_NN CC_CCD JJ N_NN N_NN RB V_VM_VNF N_NN RD_PUNC N_NN RD_PUNC N_NN CC_CCD JJ N_NN RD_PUNC V_VM_VNF N_NN RP_RPD N_NST N_NN RD_SYM N_NN V_VM_VNF V_VM_VF RD_PUNC,NEN NEL O NEL O O O O O O O O O O O O O O O O O O O O O O O O O O O O
31,ಇವುಗಳಲ್ಲಿ ಮೊದಲನೆಯದು ಡಿಜಿಟಲ್ ಮತ್ತು ಸೈಬರ್ ಸುರಕ್ಷತೆ .,PR_PRP QT_QTO N_NNP CC_CCD N_NN N_NN RD_PUNC,O O O O O O O
32,"ಆಗಸ್ಟ್ 2019 ರಲ್ಲಿ , ಭಾರತ ಮತ್ತು ಫ್ರಾನ್ಸ್ ನ ಸೈಬರ್ ಸುರಕ್ಷತೆ ಮತ್ತು ಡಿಜಿಟಲ್ ತಂತ್ರಜ್ಞಾನದ ಕುರಿತು ಒಂದು ಮಾರ್ಗಸೂಚಿಯನ್ನು ಅಳವಡಿಸಿಕೊಂಡವು , ಇದು ಒಂದು 21 ನೇ ಶತಮಾನಕ್ಕೆ ಅಡಿಪಾಯ ಎಂದು ನಾವು ಪರಿಗಣಿಸುವಂತಹ ಕ್ಷೇತ್ರದಲ್ಲಿ ಸಹಕಾರಕ್ಕಾಗಿ ನಮ್ಮ ಹಂಚಿಕೆಯ ದೃಷ್ಟಿಕೋನವನ್ನು ನಿರ್ಧರಿಸುತ್ತದೆ .",N_NNP QT_QTC PSP RD_PUNC N_NNP CC_CCD N_NNP PSP N_NN N_NN CC_CCD N_NNP N_NN RP_RPD QT_QTC N_NN V_VM_VF RD_PUNC PR_PRP QT_QTC QT_QTC N_NN N_NN N_NN CC_CCS PR_PRP V_VM_VNF N_NN N_NN PR_PRP N_NN N_NN V_VM_VF RD_PUNC,NED NED O O NEL O NEL O NETE NETE O NETE NETE O O O O O O O NEN O O O O O O O O O O O O O
33,"ನಮ್ಮಲ್ಲಿ ಒಂದು ಪ್ರಬಲವಾದ ಸೈಬರ್ ಸಂವಾದ ಇದೆ , ಅಲ್ಲಿ ನಾವು ಡಿಜಿಟಲ್ ಮತ್ತು ಸೈಬರ್ ಸಮಸ್ಯೆಗಳ ಕುರಿತು ದ್ವಿಪಕ್ಷೀಯ ಮತ್ತು ಬಹುಪಕ್ಷೀಯ ಸಹಕಾರಗಳ ಬಗ್ಗೆ ಚರ್ಚಿಸುತ್ತೇವೆ .",PR_PRP QT_QTC JJ N_NN N_NN V_VM_VF RD_PUNC PR_PRP PR_PRP N_NNP CC_CCD N_NN N_NN RP_RPD JJ CC_CCD JJ N_NN RP_RPD V_VM_VF RD_PUNC,O O O O O O O O O O O O O O O O O O O O O
34,"ಪ್ರಾಯೋಗಿಕ ಅಂಶಗಳಲ್ಲಿಯೂ , ಭಾರತದ ಸುಧಾರಿತ ಕಂಪ್ಯೂಟಿಂಗ್ ಅಭಿವೃದ್ಧಿ ಕೇಂದ್ರ ಅಥವಾ ಸಿ - ಡೆಕ್ ಮತ್ತು ಫ್ರಾನ್ಸೇಸ್ ಕಂಪನಿ ಅಟೋಸ್ ಮೂಲಕ ರಾಷ್ಟ್ರೀಯ ಸೂಪರ್‌ಕಂಪ್ಯೂಟಿಂಗ್ ಮಿಷನ್ ( ಎನ್ಎಸ್ಎಮ್ ) ನ ಅಡಿಯಲ್ಲಿ ಭಾರತದ ಅತ್ಯಂತ ವೇಗದ ಸೂಪರ್‌ಕಂಪ್ಯೂಟರ್ ' ಪರಮ್ - ಸಿದ್ಧಿ - ಎಐ ' ಯ ಯಶಸ್ವಿ ಅಭಿವೃದ್ಧಿಯಲ್ಲಿ ನಮ್ಮ ನಡುವೆ ಅತ್ಯುತ್ತಮ ಸಹಕಾರವನ್ನು ಕಾಣಬಹುದು .",JJ N_NN RD_PUNC N_NNP JJ N_NN N_NN N_NN CC_CCD N_NN RD_SYM N_NNP CC_CCD N_NNP N_NN N_NN PSP JJ N_NN N_NN RD_SYM N_NNP RD_SYM PSP N_NN N_NNP RP_INTF JJ N_NN RD_PUNC N_NN RD_SYM N_NN RD_SYM N_NN RD_PUNC PSP N_NN N_NN PR_PRP N_NN JJ N_NN V_VM_VF RD_PUNC,O O O NEL O O O O O NEO NEO NEO O NEL O NEO O O O O O NEA O O O O O O O O NEA NEA NEA O O O O O O O O O O O O
35,"ಎರಡೂ ದೇಶಗಳಿಗೆ ಬರುತ್ತಿರುವ 5 - ಜೀ ನೆಟ್‌ವರ್ಕ್‌ಗಳು , ಸುರಕ್ಷಿತವಾಗಿ ಇರಬೇಕು ಎಂಬ ಅರಿವು ಕೂಡ ಬೆಳೆಯುತ್ತಿದೆ .",QT_QTC N_NN V_VM_VNF QT_QTC RD_SYM N_NN N_NN RD_PUNC RB V_VM_VF CC_CCS N_NN RP_RPD V_VM_VF RD_PUNC,O O O NETE NETE NETE NETE O O O O O O O O
36,5 - ಜೀ ತಂತ್ರಜ್ಞಾನಕ್ಕೆ ಸಂಬಂಧಿಸಿದ ಅಪಾಯಗಳಿಗೆ ಪರಿಹಾರಗಳನ್ನು ಕಂಡುಹಿಡಿಯಲು ಭಾರತ ಮತ್ತು ಫ್ರಾನ್ಸ್ ಎರಡೂ ಕೂಡ ಬದ್ಧ ಆಗಿವೆ .,QT_QTC RD_SYM N_NN N_NN V_VM_VNF N_NN N_NN V_VM_VINF N_NNP CC_CCD N_NNP QT_QTC RP_RPD N_NN V_VM_VF RD_PUNC,NETE NETE NETE NETE O O O O NEL O NEL O O O O O
37,"9 .ಇದೇ ರೀತಿಯಲ್ಲಿ , ಭಾರತ ಮತ್ತು ಫ್ರಾನ್ಸ್ ನಾಗರಿಕ ಪರಮಾಣು ಶಕ್ತಿ ಮತ್ತು ಜೈತಾಪುರ ಯೋಜನೆಯಲ್ಲಿ ದೀರ್ಘಕಾಲೀನ ಸಹಕಾರದ ಜೊತೆಗೆ ಶುದ್ಧ ಶಕ್ತಿಯ ಆರಂಭಿಕ ಪ್ರತಿಪಾದಕಗಳು ಆಗಿವೆ , ನಾವು ಅದರ ಪ್ರಗತಿ ಸಾಧಿಸಲು ದೃಢಸಂಕಲ್ಪ ಮಾಡಿದ್ದೇವೆ .",QT_QTC JJ N_NN RD_PUNC N_NNP CC_CCD N_NNP JJ N_NN N_NN CC_CCD N_NNP N_NN JJ N_NN PSP JJ N_NN JJ N_NN V_VM_VF RD_PUNC PR_PRP PR_PRP N_NN V_VM_VINF N_NN V_VM_VF RD_PUNC,NEN O O O NEL O NEL NETE NETE NETE O NEL O O O O O O O O O O O O O O O O O
38,"ಶಕ್ತಿಯ ದೀರ್ಘಕಾಲಿಕ , ಶುದ್ಧತೆಯ ಮೂಲವಾಗಿ ಹವಾಗುಣ ಬದಲಾವಣೆಯ ಸವಾಲನ್ನು ನಿಭಾಯಿಸಲು ಪರಮಾಣು ಶಕ್ತಿಯ ಪ್ರಾಮುಖ್ಯತೆಯ ಕುರಿತು ಎರಡೂ ದೇಶಗಳ ಅಭಿಪ್ರಾಯಗಳು ಒಂದೇ ರೀತಿ ಆಗಿವೆ .",N_NN JJ RD_PUNC N_NN RB N_NN N_NN N_NN V_VM_VINF N_NN N_NN N_NN RP_RPD QT_QTC N_NN N_NN QT_QTC N_NN V_VM_VF RD_PUNC,O O O O O O O O O O O O O O O O O O O O
39,"ಇದಲ್ಲದೇ , ನಮ್ಮ ಶಕ್ತಿಯ ಸಹಯೋಗ ಹಾಗೆಯೇ ಬಹುಪಕ್ಷೀಯ ಸಹಭಾಗಿತ್ವದ ಪರಿಪಕ್ವತೆಯು ಅಂತರಾಷ್ಟ್ರೀಯ ಸೌರ ಒಕ್ಕೂಟದ ನಮ್ಮ ಸಹ - ಸ್ಥಾಪನೆಯಲ್ಲಿ ಪ್ರತಿಫಲಿಸುತ್ತದೆ , ಇದು ವಿಶೇಷವಾಗಿ ಜಗತ್ತಿನ ಅತ್ಯಂತ ದುರ್ಬಲ ಭಾಗಗಳಲ್ಲಿ ಶಕ್ತಿಯ ಪರಿವರ್ತನೆಯನ್ನು ಸಾಧಿಸಲು ಸರ್ಕಾರಗಳಿಗೆ ಅತ್ಯುತ್ತಮ ಪರಿಹಾರವಾಗಿ ಸೌರಶಕ್ತಿಯನ್ನು ಸ್ಥಾಪಿಸುವ ಉದ್ದೇಶವನ್ನು ಹೊಂದಿದೆ .",PR_PRP RD_PUNC PR_PRP N_NN N_NN CC_CCS JJ N_NN N_NN JJ N_NN N_NN PR_PRP RP_RPD RD_SYM N_NN V_VM_VNF RD_PUNC PR_PRP JJ N_NN RP_INTF JJ N_NN N_NN N_NN V_VM_VINF N_NN JJ N_NN N_NN V_VM_VNF N_NN V_VM_VF RD_PUNC,O O O O O O O O O NEO NEO NEO O O O O O O O O O O O O O O O O O O O O O O O
40,10 .ಹಸಿರು ಜಲಜನಕ ಎರಡೂ ದೇಶಗಳ ನಡುವಿನ ಶಕ್ತಿ ಸಹಯೋಗದ ಮತ್ತೊಂದು ಉದಯೋನ್ಮುಖ ಕ್ಷೇತ್ರ ಆಗಿದೆ .,QT_QTC N_NN N_NN QT_QTC N_NN N_NN N_NN N_NN N_NN N_NN N_NN V_VM_VF RD_PUNC,NEN O O NEN O O O O O O O O O
41,"ಫ್ರಾನ್ಸ್ ಈ ಪ್ರದೇಶದ ಪ್ರಮುಖ ಯುರೋಪಿಯನ್ ರಾಷ್ಟ್ರಗಳಲ್ಲಿ ಒಂದು , ಇದು ಹಸಿರು ಜಲಜನಕ ತಂತ್ರವನ್ನು ಘೋಷಿಸಿದೆ ಹಾಗೆಯೇ ಈ ಕಾರ್ಯತಂತ್ರವನ್ನು ಕಾರ್ಯಗತಗೊಳಿಸಲು 2030 ರ ವೇಳೆಗೆ 7.2 ಯೂರೋ ಬಿಲಿಯನ್ ಹೂಡಿಕೆ ಮಾಡಲು ಬದ್ಧ ಆಗಿದೆ .",N_NNP DM_DMD N_NN JJ N_NNP N_NN QT_QTC RD_PUNC PR_PRP JJ N_NN N_NN V_VM_VF CC_CCS DM_DMD N_NN V_VM_VINF QT_QTC N_NN N_NN QT_QTC N_NNP N_NNP N_NN V_VM_VINF N_NN V_VM_VF RD_PUNC,NEL O O O O O O O O O O O O O O O O NEN O O NEN NEN NEN O O O O O
42,ಹಸಿರು ಜಲಜನಕವನ್ನು ಅಳವಡಿಸಿಕೊಳ್ಳುವಲ್ಲಿ ಫ್ರಾನ್ಸ್ ಕೂಡ ಮುಂಚೂಣಿಯಲ್ಲಿ ಇದೆ ಹಾಗೆಯೇ 2019 ರಿಂದ ಇದನ್ನು ತನ್ನ ನಗರ ಮತ್ತು ಭಾರೀ ಮೊಬಿಲಿಟೀ ಸಿಸ್ಟಮ್ ಗಳಲ್ಲಿ ಅಳವಡಿಸಿಕೊಳ್ಳಲು ಪ್ರಾರಂಭ ಕೂಡ ಮಾಡಿದ್ದಾರೆ .,JJ N_NN V_VM_VNF N_NNP RP_RPD N_NN V_VM_VF CC_CCS QT_QTC PSP PR_PRP PR_PRF N_NN CC_CCD JJ N_NN N_NN N_NN V_VM_VINF N_NN RP_RPD V_VM_VF RD_PUNC,O O O NEL O O O O NEN O O O O O O O O O O O O O O
43,"11 .ಭಾರತವು ಸಹ ಒಂದು ಮಹತ್ವಾಕಾಂಕ್ಷೆಯ ರಾಷ್ಟ್ರೀಯ ಹೈಡ್ರೋಜನ್ ಮಿಷನ್ ಅನ್ನು ಪ್ರಾರಂಭಿಸಿದೆ , ಇದು ಐದು ಪ್ರಮುಖ ಹವಾಗುಣ ಗುರಿಗಳು ಅಥವಾ ಪಂಚಾಮೃತಕ್ಕೆ ಉತ್ತಮ ಕೊಡುಗೆ ನೀಡುತ್ತದೆ , ಇದನ್ನು ಕಳೆದ ವರ್ಷ ಸಿಒಪಿ26 ಶೃಂಗಸಭೆಯಲ್ಲಿ ನಮ್ಮ ಪ್ರಧಾನ ಮಂತ್ರಿಯವರು ಘೋಷಿಸಿದ್ದರು .",QT_QTC N_NN RP_RPD QT_QTC N_NN JJ N_NN N_NN PSP V_VM_VNF RD_PUNC PR_PRP QT_QTC JJ N_NN N_NN CC_CCD N_NN JJ N_NN V_VM_VF RD_PUNC PR_PRP JJ N_NN N_NN N_NN PR_PRP JJ N_NN V_VM_VF RD_PUNC,NEN NEL O O O O O O O O O O O O O O O O O O O O O O O NEA O O O O O O
44,"ಭಾರತ ಸರ್ಕಾರವು ಹೈಡ್ರೋಜನ್ ಶಕ್ತಿ ಮತ್ತು ಇಂಧನದ ಕುರಿತು ವ್ಯಾಪಕ ಆಧಾರಿತ ಸಂಶೋಧನೆ , ಅಭಿವೃದ್ಧಿ ಹಾಗೂ ಪ್ರದರ್ಶನ ಕಾರ್ಯಕ್ರಮವನ್ನು ಬೆಂಬಲಿಸುತ್ತಾ ಇದೆ .",N_NNP N_NN N_NNP N_NN CC_CCD N_NN RP_RPD N_NN N_NNV N_NN RD_PUNC N_NN CC_CCD N_NN N_NN V_VM_VNF V_VM_VF RD_PUNC,NEL O O O O O O O O O O O O O O O O O
45,"ನವೀಕರಣೀಯ ಇಂಧನ ಮೂಲಗಳಿಂದ ಹೈಡ್ರೋಜನ್ ಉತ್ಪಾದನೆ , ಇದರ ಸುರಕ್ಷತೆ ಹಾಗೂ ಸಮರ್ಥ ಸಂಗ್ರಹಣೆ ಮತ್ತು ದಹನ ಅಥವಾ ಇಂಧನ ಕೋಶದ ಮೂಲಕ ಸಾರಿಗೆ ವಿಧಾನಗಳಲ್ಲಿ ಶಕ್ತಿಯ ಬಳಕೆಯಲ್ಲಿನ ಸವಾಲುಗಳನ್ನು ಬಗೆಹರಿಸಲು ಔದ್ಯೋಗಿಕ , ಶೈಕ್ಷಣಿಕ ಹಾಗೆಯೇ ಸಂಶೋಧನಾ ಸಂಸ್ಥೆಗಳ ಯೋಜನೆಗಳನ್ನು ಬೆಂಬಲಿಸಲು ಆಗುತ್ತದೆ .",JJ N_NN N_NN N_NNP N_NN RD_PUNC PR_PRP N_NN CC_CCD JJ N_NN CC_CCD N_NN CC_CCD N_NN N_NN PSP N_NN N_NN N_NN N_NN N_NN V_VM_VINF JJ RD_PUNC N_NN CC_CCS N_NN N_NN N_NN V_VM_VINF V_VM_VF RD_PUNC,NETE NETE NETE O O O O O O O O O O O O O O O O O O O O O O O O O O O O O O
46,"ಸಾರಿಗೆಗೆ ಸಂಬಂಧಿಸಿದಂತೆ , ಬನಾರಸ್ ಹಿಂದೂ ವಿಶ್ವವಿದ್ಯಾನಿಲಯ , ಐಐಟಿ ದೆಹಲಿ ಹಾಗೂ ಮಹೀಂದ್ರಾ ಏಂಡ್ ಮಹೀಂದ್ರಾದಲ್ಲಿ ಪ್ರಮುಖ ಕೆಲಸಗಳನ್ನು ಬೆಂಬಲಿಸಲು ಆಗಿದೆ .",N_NN V_VM_VNF RD_PUNC N_NNP N_NNP N_NN RD_PUNC N_NN N_NNP CC_CCD N_NNP N_NNP N_NNP JJ N_NN V_VM_VINF V_VM_VF RD_PUNC,O O O NEO NEO NEO O NEO NEO O NEO NEO NEO O O O O O
47,"ಈ ದಿಕ್ಕಿನಲ್ಲಿ ಮುಂದೆ ಸಾಗುತ್ತಾ ಇರುವ , ಎರಡು ಹೈಡ್ರೋಜನ್ ಇಂಧನ ತುಂಬುವ ಕೇಂದ್ರಗಳನ್ನು ಸಹ ಸ್ಥಾಪಿಸಲು ಆಗಿದೆ , ಅದರಲ್ಲಿ ಒಂದು ಫರಿದಾಬಾದ್‌ನ ಭಾರತೀಯ ತೈಲ ಸಂಶೋಧನೆ ಮತ್ತು ಅಭಿವೃದ್ಧಿ ಕೇಂದ್ರದಲ್ಲಿ ಹಾಗೆಯೇ ಒಂದು ಗುರುಗ್ರಾಮ್‌ನಲ್ಲಿ ಇರುವ ಸೌರಶಕ್ತಿಯ ರಾಷ್ಟ್ರೀಯ ಸಂಸ್ಥೆಯಲ್ಲಿ ಇದೆ .",DM_DMD N_NN N_NST V_VM_VNF V_VM_VNF RD_PUNC QT_QTC N_NN N_NN V_VM_VNF N_NN RP_RPD V_VM_VINF V_VM_VF RD_PUNC PR_PRP QT_QTC N_NNP N_NNP N_NN N_NN CC_CCD N_NN N_NN CC_CCS QT_QTC N_NN V_VM_VNF N_NN JJ N_NN V_VM_VF RD_PUNC,O O O O O O O NETE NETE O O O O O O O O NEL NEO NEO NEO NEO NEO NEO O O NEL O NEO NEO NEO O O
48,12 .ಇವು ವರ್ತಮಾನದಲ್ಲಿ ನಡೆಯುತ್ತಿರುವ ಕೆಲಸ ಹಾಗೂ ಭಾರತ - ಫ್ರಾನ್ಸ್ ಡಿಜಿಟಲ್ ಮತ್ತು ಶಕ್ತಿ ಪಾಲುದಾರಿಕೆಯಲ್ಲಿ ಅದರ ಬಳಕೆಯ ಸಾಮರ್ಥ್ಯಕ್ಕೆ ಕೆಲವು ಉದಾಹರಣೆಗಳು ಆಗಿವೆ .,QT_QTC N_NN N_NN V_VM_VNF N_NN CC_CCD N_NNP RD_SYM N_NNP N_NNP CC_CCD N_NN N_NN PR_PRP N_NN N_NN DM_DMI N_NN V_VM_VF RD_PUNC,O O O O O O NEL O NEL O O O O O O O O O O O
49,"ಇಂಡೋ - ಪೆಸಿಫಿಕ್‌ನಲ್ಲಿ ನಿಕಟ ಸಹಕಾರಕ್ಕೆ ನಾವು ಬದ್ಧರಾಗಿ ಇದ್ದೇವೆ , ಮತ್ತು ಇದರಲ್ಲಿ ಮುನ್ನಡೆಯಲು ನಾವು ಹೊಸ ಮಾರ್ಗಗಳನ್ನೂ ಕಂಡುಕೊಳ್ಳುತ್ತಿದ್ದೇವೆ .",N_NNP RD_SYM N_NN JJ N_NN PR_PRP RB V_VM_VF RD_PUNC CC_CCD PR_PRP V_VM_VINF PR_PRP JJ N_NN V_VM_VF RD_PUNC,NEL O NEL O O O O O O O O O O O O O O
50,"ಉದಾಹರಣೆಗೆ , ' ನೀಲಿ ಆರ್ಥಿಕತೆ ಮತ್ತು ಸಾಗರ ಆಡಳಿತದ ಮಾರ್ಗಸೂಚಿ ' ಯನ್ನು ಅಳವಡಿಸಿಕೊಳ್ಳುವುದರ ಜೊತೆಗೆ , ಭಾರತ ಮತ್ತು ಫ್ರಾನ್ಸ್‌ ನೀಲಿ ಆರ್ಥಿಕ ಅವಕಾಶಗಳಿಂದ ಆರ್ಥಿಕತೆಗೆ ಸಂಬಂಧಿಸಿದ ಸಂಸ್ಥೆಗಳ ನಡುವಿನ ಸಹಕಾರದ , ಮಹಾಸಾಗರ ವಿಜ್ಞಾನದ ಸಹಕಾರ ಮತ್ತು ಸುಸ್ಥಿರ ಸಾಗರ ಮೂಲಸೌಕರ್ಯದ ಜೊತೆಗೆ ಕೆಲಸ ಮಾಡಲು ಹೊಸ ಮಾರ್ಗಗಳನ್ನು ಕಂಡುಹಿಡಿಯಲು ಸಹಾಯ ಮಾಡುತ್ತದೆ .",N_NN RD_PUNC RD_PUNC JJ N_NN CC_CCD N_NN N_NN V_VM_VNF RD_PUNC N_NN V_VM_VNF PSP RD_PUNC N_NNP CC_CCD N_NNP N_NN JJ N_NN N_NN V_VM_VNF N_NN N_NN N_NN RD_PUNC N_NN N_NN N_NN CC_CCD JJ N_NN N_NN PSP N_NN V_VM_VINF JJ N_NN V_VM_VINF N_NN V_VM_VF RD_PUNC,O O O O O O O O O O O O O O NEL O NEL O O O O O O O O O O O O O O O O O O O O O O O O O
51,"ಬಹುಪಕ್ಷೀಯ ಕ್ಷೇತ್ರದಲ್ಲಿ , ಭಾರತ ಮತ್ತು ಫ್ರಾನ್ಸ್ ಉನ್ನತ ಮಹತ್ವಾಕಾಂಕ್ಷೆಯ ಮೈತ್ರಿಯ ಮೂಲಕ ರಾಷ್ಟ್ರೀಯ ನ್ಯಾಯವ್ಯಾಪ್ತಿಯ ಆಚೆಗಿನ ಜೀವವೈವಿಧ್ಯತೆಯ ರಕ್ಷಣೆ ( ಬಿಬಿಎನ್‌ಜೆ ) ಗೆ ಕಾನೂನಾತ್ಮಕವಾಗಿ ಬದ್ಧವಾದ ಒಪ್ಪಂದಕ್ಕೆ ಕರೆ ನೀಡಿದೆ .",JJ N_NN RD_PUNC N_NNP CC_CCD N_NNP JJ N_NN N_NN PSP JJ N_NN N_NST N_NN N_NN RD_SYM N_NN RD_SYM PSP N_NN JJ N_NN N_NN V_VM_VF RD_PUNC,O O O NEL O NEL O O O O O O O O O O NEA O O O O O O O O
52,ನಾವು ಜಂಟಿಯಾಗಿ ಇಂಡೋ - ಪೆಸಿಫಿಕ್ ಪಾರ್ಕ್ ಪಾಲುದಾರಿಕೆಯನ್ನು ಸಹ ಪ್ರಾರಂಭಿಸಿದ್ದೇವೆ ಇದು ಪಾರ್ಕ್ ವ್ಯವಸ್ಥಾಪಕರ ನಡುವೆ ಅತ್ಯುತ್ತಮ ಅಭ್ಯಾಸಗಳು ಮತ್ತು ಜ್ಞಾನದ ವಿನಿಮಯವನ್ನು ಸಕ್ರಿಯಗೊಳಿಸುವ ಉದ್ದೇಶವನ್ನು ಹೊಂದಿದೆ .,PR_PRP RB V_VM_VNF RD_SYM N_NN N_NN N_NN RP_RPD N_NN PR_PRP N_NN N_NN N_NN JJ N_NN CC_CCD N_NN N_NN V_VM_VNF N_NN V_VM_VF RD_PUNC,O O NEL O NEL O O O O O O O O O O O O O O O O O
53,"ಇಂಡೋ - ಪೆಸಿಫಿಕ್‌ನಲ್ಲಿ ಅಕ್ರಮ , ಅನಿಯಮಿತ ಮತ್ತು ವರದಿರಹಿತ ( ಐಯುಯು ) ಮೀನುಗಾರಿಕೆಯನ್ನು ಜಂಟಿಯಾಗಿ ನಿಭಾಯಿಸಲು ಕೂಡ ಎರಡೂ ದೇಶಗಳು ಬದ್ಧವಾಗಿ ಇವೆ .",N_NNP RD_SYM N_NN N_NN RD_PUNC JJ CC_CCD N_NN RD_SYM N_NN RD_SYM N_NN RB V_VM_VINF RP_RPD QT_QTC N_NN RB V_VM_VF RD_PUNC,NEL O NEL O O O O O O O O O O O O O O O O O
54,ಕಳೆದ ವರ್ಷ ಫ್ರಾನ್ಸ್ ಇಂಡೋ - ಪೆಸಿಫಿಕ್ ಓಷನ್ ಇನಿಶಿಯೇಟಿವ್‌ನ ಸಾಗರ ಸಂಪನ್ಮೂಲಗಳ ಸ್ತಂಭವನ್ನು ಅಳವಡಿಸಿಕೊಂಡಾಗ ಸಹಯೋಗದ ಈ ಕ್ಷೇತ್ರವು ಮತ್ತಷ್ಟು ಪ್ರಗತಿಯನ್ನು ಕಂಡಿತು .,JJ N_NN N_NNP N_NNP RD_SYM N_NN N_NN N_NN N_NN N_NN N_NN V_VM_VNF N_NN DM_DMD N_NN JJ N_NN V_VM_VF RD_PUNC,O O O NEL O NEL O O O O O O O O O O O O O
55,ಈ ನಿಟ್ಟಿನಲ್ಲಿ ಭಾರತ ಫ್ರಾನ್ಸ್‌ನ ಬೆಂಬಲವನ್ನು ಮುಂದುವರಿಸಲಿದೆ .,DM_DMD N_NN N_NNP N_NNP N_NN V_VM_VF RD_PUNC,O O NEL NEL O O O
56,"13 ಒಂದು ವೇಳೆ ನಾವು ಜಾಗತಿಕ ಒಳಿತಿಗಾಗಿ ಒಂದು ಶಕ್ತಿಯಾಗಲು ನಮ್ಮ ಮಿತಿಗಳನ್ನು ತಳ್ಳುತ್ತಿದ್ದರೆ , ಭಾರತ - ಫ್ರಾನ್ಸ್ ಕಾರ್ಯತಂತ್ರದ ಪಾಲುದಾರಿಕೆಯಲ್ಲಿ ಇರುವ ಸಾಧ್ಯತೆಗಳಿಗೆ ಅಂತ್ಯವಿಲ್ಲ .",QT_QTC QT_QTC N_NN PR_PRP JJ N_NN QT_QTC N_NN PR_PRP N_NN V_VM_VNF RD_PUNC N_NNP RD_SYM N_NNP N_NN N_NN V_VM_VNF N_NN V_VM_VF RD_PUNC,NEN O O O O O O O O O O O NEL O NEL O O O O O O
57,"ನಾನು ಮೊದಲೇ ಹೇಳಿದಂತೆ , 21 ನೇ ಶತಮಾನದ ಸಮಸ್ಯೆಗಳನ್ನು ನಿಭಾಯಿಸಲು 21 ನೇ ಶತಮಾನದ ಪರಿಹಾರಗಳ ಅಗತ್ಯ ಇದೆ .",PR_PRP RB V_VM_VNF RD_PUNC QT_QTC QT_QTO N_NN N_NN V_VM_VINF QT_QTC QT_QTO N_NN N_NN N_NN V_VM_VF RD_PUNC,O O O O NEN O O O O NEN O O O O O O
58,ಭಾರತ - ಫ್ರಾನ್ಸ್ ಸಂಬಂಧಗಳು ನಿಜವಾಗಿ 21 ನೇ ಶತಮಾನದ ಪಾಲುದಾರಿಕೆ ಆಗಿದೆ .,N_NNP RD_SYM N_NNP N_NN N_NN QT_QTC QT_QTO N_NN N_NN V_VM_VF RD_PUNC,NEL O NEL O O NEN O O O O O
59,ಇಂದಿನ ಟ್ರ್ಯಾಕ್ 1.5 ಸಂವಾದದ ಫಲಿತಾಂಶಕ್ಕಾಗಿ ನಾನು ಕುತೂಹಲದಿಂದ ಕಾಯುತ್ತಿದ್ದೇನೆ .,N_NN N_NN QT_QTC JJ N_NN PR_PRP N_NN V_VM_VF RD_PUNC,O O NEN O O O O O O
60,ಭಾರತ - ಫ್ರಾನ್ಸ್ ಸಂಬಂಧಗಳನ್ನು ಸಧೃಡವಾಗಿಸಲು ಕೆಲವು ಹೊಸ ಮತ್ತು ರಚನಾತ್ಮಕ ಮಾರ್ಗಗಳ ಅನ್ವೇಷಣೆಗೆ ಸಹಾಯ ಮಾಡಲು ಇಂದಿನ ಚರ್ಚೆಯು ನಮಗೆ ನಿರ್ದಿಷ್ಟ ಆಲೋಚನೆಗಳು ಮತ್ತು ಒಳನೋಟಗಳನ್ನು ನೀಡುತ್ತದೆ ಎಂದು ನನಗೆ ನಂಬಿಕೆ ಇದೆ .,NNP RD_SYM N_NNP N_NN V_VM_VINF DM_DMI JJ CC_CCD JJ N_NN N_NN N_NN V_VM_VINF N_NN N_NN PR_PRP JJ N_NN CC_CCD N_NN V_VM_VF CC_CCS PR_PRP N_NN V_VM_VF RD_PUNC,NEL O NEL O O O O O O O O O O O O O O O O O O O O O O O
61,ಧನ್ಯವಾದಗಳು .,N_NN RD_PUNC,O O
